{
  "formatVersion": 1,
  "database": {
    "version": 1,
    "identityHash": "cf3e5aa538d5bb809157c6bdb3c0c87a",
    "entities": [
      {
        "tableName": "jobNotes",
        "createSql": "CREATE TABLE IF NOT EXISTS `${TABLE_NAME}` (`id` INTEGER PRIMARY KEY AUTOINCREMENT NOT NULL, `title` TEXT, `companyName` TEXT, `contactName` TEXT, `contactEmail` TEXT, `timestamp` TEXT)",
        "fields": [
          {
            "fieldPath": "id",
            "columnName": "id",
            "affinity": "INTEGER",
            "notNull": true
          },
          {
            "fieldPath": "title",
            "columnName": "title",
            "affinity": "TEXT",
            "notNull": false
          },
          {
            "fieldPath": "companyName",
            "columnName": "companyName",
            "affinity": "TEXT",
            "notNull": false
          },
          {
            "fieldPath": "contactName",
            "columnName": "contactName",
            "affinity": "TEXT",
            "notNull": false
          },
          {
            "fieldPath": "contactEmail",
            "columnName": "contactEmail",
            "affinity": "TEXT",
            "notNull": false
          },
          {
            "fieldPath": "timestamp",
            "columnName": "timestamp",
            "affinity": "TEXT",
            "notNull": false
          }
        ],
        "primaryKey": {
          "columnNames": [
            "id"
          ],
          "autoGenerate": true
        },
        "indices": [],
        "foreignKeys": []
      }
    ],
    "setupQueries": [
      "CREATE TABLE IF NOT EXISTS room_master_table (id INTEGER PRIMARY KEY,identity_hash TEXT)",
      "INSERT OR REPLACE INTO room_master_table (id,identity_hash) VALUES(42, \"cf3e5aa538d5bb809157c6bdb3c0c87a\")"
    ]
  }
}